Campo 1; Campo 2; Campo 3; Campo 4; Campo 5
adriana; adri; adriu; ana; anahi
hola; hello; hi; hola; mathi
dato 1; dato 2; dato 3; dato 4; dato 5
sbss; cfd; efe; 2w; dfs
htyth; tyhyh; tyhyt; yhyh; hyhy
tt; tt; tt; tt; tt
yuuu; 777u; 7u7; 677; 7i7
enrique; chiluiza; guerrero; efrain; 47
10,22,33,44,55
11,Maria,Mery,Mali,May
12,Adriana,Anahi,Chiluiza,Soledispa
13,Mathias,Enrique,Chiluiza,Soledispa
14,Enrique,Efrain,Chiluiza,Guerrero
15,Elsie,Jaqueline,Soledispa,Loor
16,Elsie,Jaqueline,Soledispa,Loor
